model_a,model_b,mean_cka,max_cka,best_cka_layer_a,best_cka_layer_b,shuffled_mean_cka,random_mean_cka
gpt2,pythia-70m,0.5647112296415535,0.7702669661434126,1,2,0.1455025639237075,0.9537190394456525
gpt2,mamba-130m,0.411947256611912,0.6119765286653062,1,13,0.14870573038774612,0.9624897333473256
pythia-70m,mamba-130m,0.681305903479038,0.9517973656944906,0,0,0.36236770149487013,0.9532257199387183
