model_a,model_b,mean_cka,max_cka,best_cka_layer_a,best_cka_layer_b,shuffled_mean_cka,random_mean_cka
gpt2,pythia-70m,0.5649469315371382,0.7808097321875592,2,3,0.015150386901444495,0.6728705967913049
gpt2,mamba-130m,0.39883235152251834,0.5409485265625953,1,11,0.023172637523475755,0.7188970166320765
gpt2,rwkv-169m,0.33970290966849515,0.5860396832039505,12,9,0.013403890983610448,0.7186336506605114
pythia-70m,mamba-130m,0.6243916372794688,0.8926726048929898,0,1,0.07165136718706315,0.6735579905143657
pythia-70m,rwkv-169m,0.5029576529944104,0.7858485186485098,0,0,0.04152630725027237,0.6735483680332434
mamba-130m,rwkv-169m,0.5983223221990536,0.8002982592143479,1,0,0.05767530886080027,0.7185678085632524
