model_a,model_b,mean_nn_overlap,max_nn_overlap,best_nn_layer_a,best_nn_layer_b,nn_k
gpt2,pythia-70m,0.5600732600732601,0.7466666666666666,11,4,10
gpt2,mamba-130m,0.5055692307692308,0.6433333333333334,12,9,10
pythia-70m,mamba-130m,0.6053714285714287,0.7833333333333332,0,0,10
