model_a,model_b,mean_nn_overlap,max_nn_overlap,best_nn_layer_a,best_nn_layer_b,nn_k
gpt2,pythia-70m,0.3475787545787546,0.49100000000000005,10,5,10
gpt2,mamba-130m,0.3625784615384615,0.5506666666666666,11,18,10
pythia-70m,mamba-130m,0.4294876190476191,0.5760000000000001,0,1,10
