model_a,model_b,family_a,family_b,layers_a,layers_b,num_texts,dim_a,dim_b,mean_cka,max_cka,best_cka_layer_a,best_cka_layer_b,mean_nn_overlap,max_nn_overlap,best_nn_layer_a,best_nn_layer_b,nn_k,shuffled_mean_cka,shuffled_max_cka,random_mean_cka,random_max_cka
gpt2,pythia-70m,decoder_transformer,decoder_transformer,13,7,300,768,512,0.5649469315371382,0.7808097321875592,2,3,0.3475787545787546,0.49100000000000005,10,5,10,0.015150386901444495,0.04262032085843157,0.6728705967913049,0.6767775680895671
gpt2,mamba-130m,decoder_transformer,state_space,13,25,300,768,768,0.39883235152251834,0.5409485265625953,1,11,0.3625784615384615,0.5506666666666666,11,18,10,0.023172637523475755,0.04565508758207844,0.7188970166320765,0.723367170215032
pythia-70m,mamba-130m,decoder_transformer,state_space,7,25,300,512,768,0.6243916372794688,0.8926726048929898,0,1,0.4294876190476191,0.5760000000000001,0,1,10,0.07165136718706315,0.14653856614340904,0.6735579905143657,0.679180314620615
