model_a,model_b,family_a,family_b,layers_a,layers_b,num_texts,dim_a,dim_b,mean_cka,max_cka,best_cka_layer_a,best_cka_layer_b,mean_nn_overlap,max_nn_overlap,best_nn_layer_a,best_nn_layer_b,nn_k,shuffled_mean_cka,shuffled_max_cka,random_mean_cka,random_max_cka
gpt2,pythia-70m,decoder_transformer,decoder_transformer,13,7,30,768,512,0.5647112296415535,0.7702669661434126,1,2,0.5600732600732601,0.7466666666666666,11,4,10,0.1455025639237075,0.30317191054793774,0.9537190394456525,0.9617311559982837
gpt2,mamba-130m,decoder_transformer,state_space,13,25,30,768,768,0.411947256611912,0.6119765286653062,1,13,0.5055692307692308,0.6433333333333334,12,9,10,0.14870573038774612,0.2879214083985175,0.9624897333473256,0.9681912739208003
pythia-70m,mamba-130m,decoder_transformer,state_space,7,25,30,512,768,0.681305903479038,0.9517973656944906,0,0,0.6053714285714287,0.7833333333333332,0,0,10,0.36236770149487013,0.609228814597679,0.9532257199387183,0.9608261710555553
